<?xml version="1.0" encoding="UTF-8"?>
<project-private xmlns="http://www.netbeans.org/ns/project-private/1">
    <editor-bookmarks xmlns="http://www.netbeans.org/ns/editor-bookmarks/2" lastBookmarkId="0"/>
    <open-files xmlns="http://www.netbeans.org/ns/projectui-open-files/2">
        <group>
            <file>file:/E:/KENHLAPTRINH/JSP%20&amp;%20Servlet/CODE/shop/web/index.jsp</file>
            <file>file:/E:/KENHLAPTRINH/JSP%20&amp;%20Servlet/CODE/shop/web/error.jsp</file>
            <file>file:/E:/KENHLAPTRINH/JSP%20&amp;%20Servlet/CODE/shop/src/java/dao/ProductDAO.java</file>
            <file>file:/E:/KENHLAPTRINH/JSP%20&amp;%20Servlet/CODE/shop/src/java/connect/DBConnect.java</file>
            <file>file:/E:/KENHLAPTRINH/JSP%20&amp;%20Servlet/CODE/shop/src/java/controller/UsersServlet.java</file>
            <file>file:/E:/KENHLAPTRINH/JSP%20&amp;%20Servlet/CODE/shop/web/WEB-INF/web.xml</file>
        </group>
    </open-files>
</project-private>
